,Hindi,Wordss
0,में (mẽ),in
1,है (hai),is
2,हैं (ha͠i),Huh
3,नहीं (nahī̃),No
4,लिए (lie),for
5,गया (gayā),Went
6,तथा (tathā),And
7,अपने (apne),Our
8,कुछ (kuch),Some
9,साथ (sāth),With
10,होता (hotā),Happen
11,था (thā),Was
12,दिया (diyā),gave
13,हुए (hue),Hidden
14,कोई (koī),Any
15,रूप (rūp),shape
16,से (se),from
17,मैं (ma͠i),I
18,रहा (rahā),Stayed
19,हुआ (huā),Happened
20,बात (bāt),Thing
21,कहा (kahā),said
22,समय (samay),time
23,क्या (kyā),what
24,अपनी (apnī),Own
25,होती (hotī),Had
26,प्रकार (prakār),type
27,बहुत (bahut),very
28,तरह (tarah),Kind
29,बाद (bād),Later
30,फिर (phir),Then
31,रहे (rahe),are
32,द्वारा (dvārā),By
33,अधिक (adhik),More
34,रही (rahī),doing
35,होने (hone),Having
36,एवं (evã),And
37,हुई (huī),Hui
38,थे (the),were
39,उनके (unke),Their
40,थी (thī),Was
41,वाले (vāle),Having
42,चाहिए (cāhie),Needed
43,दिन (din),day
44,लेकिन (lekin),but
45,काम (kām),Work
46,हूँ (hū̃),am
47,होते (hote),Happened
48,इसके (iske),Its
49,उन्हें (unhẽ),Them
50,गये (gaye),Gone
51,कभी (kabhī),sometimes
52,आदि (ādi),Etcetera
53,लोग (log),people
54,बार (bār),Times
55,यहाँ (yahā̃),Here
56,दोनों (donõ),Both
57,उन्होंने (unhonne),They
58,कार्य (kārya),Work
59,पास (pās),have
60,वहाँ (vahā̃),There
61,भारत (bhārat),India
62,लिया (liyā),took
63,प्राप्त (prāpt),get
64,उनकी (unkī),Her
65,लोगों (logõ),People
66,गयी (gayī),Gained
67,लगा (lagā),Put
68,अन्य (anya),Other
69,होगा (hogā),Will happen
70,इसी (isī),This
71,देश (deś),Country
72,यदि (yadi),if
73,सभी (sabhī),All
74,नाम (nām),name
75,वर्ष (varṣ),The year
76,ऐसा (aisā),Like this
77,विकास (vikās),Development
78,अपना (apnā),own
79,ऐसे (aise),This way
80,दूसरे (dūsre),Others
81,हाथ (hāth),Hand
82,भाषा (bhāṣā),language
83,मेरे (mere),My
84,मैंने (mainne),I
85,तुम (tum),You
86,बीच (bīc),Middle
87,वाली (vālī),Spongy
88,बड़े (baṛe),elder
89,प्रति (prati),To
90,व्यक्ति (vyakti),person
91,उनका (unkā),their
92,लिये (liye),To
93,इसलिए (islie),therefore
94,तीन (tīn),three
95,इसका (iskā),Its
96,ऐसी (aisī),Such
97,विशेष (viśeṣ),special
98,बड़ी (baṛī),Big
99,अथवा (athvā),Or
100,भाग (bhāg),run
101,क्योंकि (kyoṅki),Because
102,सिंह (sĩh),Lion
103,ठीक (ṭhīk),Ok
104,स्थिति (sthiti),Situation
105,परन्तु (parantu),But
106,स्थान (sthān),place
107,यही (yahī),This only
108,क्यों (kyõ),why
109,गाँव (gā̃v),village
110,राज्य (rājya),state
111,अलग (alag),Apart
112,लेकर (lekar),Rang
113,अभी (abhī),just
114,इसमें (ismẽ),in this
115,विभिन्न (vibhinna),Different
116,सी (sī),C
117,विचार (vicār),Idea
118,जिस (jis),That
119,बाहर (bāhar),Outside
120,ऊपर (ūpar),Above
121,बना (banā),Make
122,तैयार (taiyār),Ready
123,अनेक (anek),Many
124,सामने (sāmne),front
125,शिक्षा (śikṣā),education
126,शरीर (śarīr),Body
127,होकर (hokar),Gain
128,दृष्टि (dŕṣṭi),vision
129,श्री (śrī),Mister
130,थीं (thī̃),Were
131,दूर (dūr),far
132,शब्द (śabd),word
133,ध्यान (dhyān),Care
134,चार (cār),Four
135,मेरी (merī),My
136,बड़ा (baṛā),big
137,पता (patā),Know
138,लगता (lagtā),Seem
139,आगे (āge),Ahead
140,किया (kiyā),Did
141,उत्तर (uttar),north
142,किन्तु (kintu),But
143,आने (āne),Come in
144,लगे (lage),Faced
145,लगभग (lagbhag),Almost
146,इसे (ise),This
147,लाख (lākh),Lakh
148,बारे (bāre),About
149,होना (honā),Happen
150,इससे (isse),by this
151,मात्रा (mātrā),amount
152,अध्ययन (adhyayan),study
153,वाला (vālā),Gap
154,जिसमें (jismẽ),In which
155,नीचे (nīce),below
156,अर्थ (arth),meaning
157,लोक (lok),Folk
158,आवश्यक (āvaśyak),Necessary
159,हो (ho),Ho
160,माँ (mā̃),Mother
161,छोटे (choṭe),Small
162,प्रतिशत (pratiśat),Percent
163,शुरू (śurū),Start
164,अगर (agar),If
165,इतना (itnā),This much
166,आया (āyā),Came
167,होगी (hogī),Will be
168,मिल (mil),Get
169,स्वयं (svayã),Self
170,रात (rāt),night
171,बिना (binā),Without
172,हमें (hamẽ),Us
173,उपयोग (upyog),Use
174,किए (kie),Have
175,महत्वपूर्ण (mahatvapūrṇ),important
176,मुख्य (mukhya),main
177,साल (sāl),Year
178,ज्यादा (jyādā),More
179,साहित्य (sāhitya),literature
180,पूर्व (pūrv),east
181,निर्माण (nirmāṇ),construction
182,विषय (viṣay),Subject
183,जिससे (jisse),By which
184,देख (dekh),See
185,चित्र (citra),Picture
186,लगी (lagī),Felt
187,प्रत्येक (pratyek),each
188,मनुष्य (manuṣya),Human
189,गई (gaī),Went
190,स्पष्ट (spaṣṭ),clear
191,दिनों (dinõ),Day
192,रंग (raṅg),color
193,इसकी (iskī),his
194,स्तर (star),Level
195,मेरा (merā),My
196,दूसरी (dūsrī),Second
197,अच्छा (acchā),Good
198,रोग (rog),Disease
199,काल (kāl),Era
200,अच्छी (acchī),Good
201,विज्ञान (vigyān),Science
202,भाई (bhāī),Brother
203,ज्ञान (gyān),knowledge
204,दिल्ली (dillī),Delhi
205,बनाने (banāne),Make
206,रुपये (rupye),Rupees
207,रखा (rakhā),kept
208,आवश्यकता (āvaśyaktā),Need
209,आता (ātā),Now
210,कौन (kaun),Who?
211,हों (hõ),Have
212,आर्थिक (ārthik),Economic
213,सहायता (sahāytā),help
214,अतिरिक्त (atirikt),Excessive
215,देर (der),Late
216,तरफ (taraph),Side
217,लेने (lene),Take
218,चला (calā),walked
219,सामाजिक (sāmājik),social
220,समझ (samajh),Understanding
221,मगर (magar),But
222,आते (āte),Come on
223,बच्चे (bacce),Children
224,कला (kalā),Art
225,पत्र (patra),letter
226,भीतर (bhītar),Inside
227,संस्कृति (sanskŕti),Culture
228,उनमें (unmẽ),In those
229,वर्ग (varg),square
230,विभाग (vibhāg),Department
231,चाहता (cāhtā),Want want
232,सिर (sir),Head
233,बताया (batāyā),Told
234,जगह (jagah),location
235,वही (vahī),Same
236,इतनी (itnī),So much
237,स्थापित (sthāpit),established
238,राष्ट्रीय (rāṣṭrīya),National
239,स्वर (svar),Vocal
240,क्षेत्रों (kṣetrõ),Sector
241,जिसके (jiske),Whose
242,जन्म (janma),Birth
243,जाए (jāe),Go
244,दौरान (daurān),During
245,गांधी (gāndhī),Gandhi
246,हाँ (hā̃),Yes
247,जनता (jantā),public
248,किस (kis),What
249,केन्द्र (kendra),Center
250,साहब (sāhab),Sir
251,पूर्ण (pūrṇ),complete
252,पुलिस (pulis),police
253,बोला (bolā),spoke
254,थईआ (thaīā),Thia
255,कमी (kamī),lack
256,समस्या (samasyā),problem
257,कार्यक्रम (kāryakram),Program
258,विवाह (vivāh),Marriage
259,भूमि (bhūmi),Land
260,भाव (bhāv),Rate
261,देखकर (dekhkar),after seeing
262,करोड़ (karoṛ),Ten million
263,प्रथम (pratham),First
264,मूल (mūl),origin
265,परिवर्तन (parivartan),Change
266,बच्चों (baccõ),Children
267,लाभ (lābh),Benefit
268,प्रदान (pradān),Provided
269,आये (āye),Come
270,छोटी (choṭī),Small
271,स्त्री (strī),Woman
272,सेवा (sevā),Service
273,व्यवहार (vyavhār),Behaviour
274,राम (rām),Ram
275,रचना (racnā),Composition
276,की (kī),Of
277,भिन्न (bhinna),Different
278,मिट्टी (miṭṭī),Soil
279,देशों (deśõ),Countries
280,इनके (inke),They
281,आती (ātī),Come
282,सही (sahī),right
283,उपलब्ध (uplabdh),available
284,बल्कि (balki),Rather
285,प्राय (prāy),Often
286,बिजली (bijlī),Lightning
287,लेते (lete),Take
288,जान (jān),Life
289,बढ़ (baṛh),Rise
290,सारे (sāre),all
291,शायद (śāyad),maybe
292,सरकारी (sarkārī),Official
293,पड़ (paṛ),Fall
294,चुका (cukā),Repeated
295,पड़ा (paṛā),Lying
296,विधि (vidhi),Method
297,छोड़ (choṛ),leave
298,लिखा (likhā),wrote
299,जबकि (jabki),Whereas
300,सिर्फ (sirph),Only
301,दर्शन (darśan),Visit
302,प्रक्रिया (prakriyā),Process
303,दिखाई (dikhāī),Showed
304,कुल (kul),Total
305,शब्दों (śabdõ),Words
306,लाल (lāl),red
307,निकल (nikal),Out
308,नये (naye),New
309,रखने (rakhne),Keep
310,पंजाब (pañjāb),Punjab
311,नदी (nadī),River
312,गए (gae),Went
313,मृत्यु (mŕtyu),Death
314,स्वीकार (svīkār),Accept
315,अन्तरिक्ष (antarikṣ),Space
316,आकर (ākar),Come
317,याद (yād),memory
318,उठा (uṭhā),picking
319,दूध (dūdh),milk
320,कांग्रेस (kāṅgres),Congress
321,सारी (sārī),all
322,माध्यम (mādhyam),Channel
323,दूसरा (dūsrā),another
324,संबंध (sambandh),Relation
325,जिन (jin),Ginnie
326,चाहे (cāhe),Like
327,चाहते (cāhte),Want
328,प्रणाली (praṇālī),system
329,तभी (tabhī),Only then
330,होंगे (hoṅge),Will be
331,इनमें (inmẽ),Among them
332,सन (san),Sun
333,मान (mān),Value
334,पुत्र (putra),Son
335,उद्देश्य (uddeśya),Objective
336,विश्वास (viśvās),Belief
337,पिछले (pichle),last
338,ताकि (tāki),So that
339,निश्चित (niścit),Fixed
340,जिसका (jiskā),Whose
341,जानकारी (jānkārī),information
342,नेता (netā),leader
343,बालक (bālak),Boy
344,अन्त (ant),End
345,उचित (ucit),Suitable
346,संगीत (saṅgīt),music
347,जल्दी (jaldī),Soon
348,क्षमता (kṣamtā),ability
349,हजार (hajār),Thousand
350,जाएगा (jāegā),Will be
351,बनाया (banāyā),Make
352,पति (pati),husband
353,कोशिश (kośiś),Try
354,चुके (cuke),Did
355,खाने (khāne),Eat
356,फसल (phasal),Crop
357,प्रकृति (prakŕti),Nature
358,पौधों (paudhõ),Plants
359,प्रकट (prakaṭ),apparent
360,पक्ष (pakṣ),favour
361,नीति (nīti),Policy
362,यद्यपि (yadyapi),Although
363,मात्र (mātra),But
364,भारी (bhārī),Heavy
365,पुस्तकालय (pustakālay),Library
366,चले (cale),Let's go
367,समिति (samiti),Committee
368,सामग्री (sāmagrī),Material
369,चाहिये (cāhiye),Must
370,अन्तर्गत (antargat),Under
371,माल (māl),Goods
372,शामिल (śāmil),Involved
373,बोली (bolī),Dialect
374,उनसे (unse),From them
375,अपेक्षा (apekṣā),Expectation
376,हेतु (hetu),For
377,नगर (nagar),Town
378,दिये (diye),Gave
379,सम्बन्धी (sambandhī),Related to
380,पुस्तक (pustak),Book
381,खुद (khud),Self
382,वर्णन (varṇan),Description
383,बने (bane),Made
384,जोर (jor),Emphasis
385,करें (karẽ),Do
386,जिनमें (jinmẽ),In which
387,लक्षण (lakṣaṇ),Symptom
388,नामक (nāmak),Named
389,वहीं (vahī̃),There itself
390,तुम्हारे (tumhāre),Your
391,विश्व (viśva),World
392,शासन (śāsan),Governance
393,वैसे (vaise),by the way
394,युग (yug),Era
395,बैठ (baiṭh),Sitting
396,स्थापना (sthāpnā),Establishment
397,अर्थात (arthāt),meaning
398,सारा (sārā),Sara
399,लेता (letā),Takes
400,लगती (lagtī),Look
401,शैली (śailī),genre
402,लें (lẽ),Take
403,पार्टी (pārṭī),Party
404,गीत (gīt),song
405,अवसर (avsar),Occasion
406,युद्ध (yuddh),war
407,मालूम (mālūm),Known
408,चारों (cārõ),All four
409,प्रकाश (prakāś),Light
410,जायेगा (jāyegā),will go
411,बैठे (baiṭhe),Sitting
412,तुम्हें (tumhẽ),You
413,समाप्त (samāpt),End
414,जाय (jāy),Go
415,साफ (sāph),Neat
416,धार्मिक (dhārmik),religious
417,ताप (tāp),Heat
418,उल्लेख (ullekh),mention
419,वर्तमान (vartamān),Current
420,लेना (lenā),Take
421,थोड़ी (thoṛī),A little
422,इनका (inkā),Her
423,विकसित (viksit),advanced
424,बन्द (band),Closed
425,प्रसिद्ध (prasiddh),famous
426,विशिष्ट (viśiṣṭ),particular
427,प्रेम (prem),Love
428,चली (calī),Lose
429,रखते (rakhte),Keep
430,भावना (bhāvnā),feeling
431,चलता (caltā),Run
432,सिद्ध (siddh),Proven
433,वालों (vālõ),Of
434,चित्रों (citrõ),Pictures
435,पुरुष (puruṣ),Male
436,पदार्थ (padārth),Substance
437,चर्चा (carcā),Discussion
438,खाना (khānā),Meal
439,उच्च (ucc),High
440,इतने (itne),So much
441,दी (dī),Gave
442,दिए (die),lamps
443,सीमा (sīmā),Limit
444,वस्तु (vastu),Thing
445,पड़ी (paṛī),Lag
446,गति (gati),motion
447,अत्यन्त (atyant),Superior
448,संगठन (saṅgṭhan),organization
449,कितना (kitnā),how much
450,इस्तेमाल (istemāl),Use
451,बाबा (bābā),Dad
452,प्रकाशित (prakāśit),Published
453,ढंग (ḍhaṅg),behaviour
454,अधिकार (adhikār),Right
455,उधर (udhar),Thereal
456,पड़े (paṛe),Lying
457,सके (sake),Can
458,सूचना (sūcnā),Information
459,अंग्रेजी (aṅgrejī),English
460,सुन्दर (sundar),Beautiful
461,पुनः (punaḥ),Re
462,केंद्रीय (kendrīya),Central
463,आधुनिक (ādhunik),Modern
464,शहर (śahar),city
465,प्रधानमंत्री (pradhānmantrī),Prime minister
466,ब्राह्मण (brāhmaṇ),Brahmin
467,उनको (unko),For them
468,महीने (mahīne),Month
469,अच्छे (acche),Good
470,हवा (havā),Air
471,शाम (śām),evening
472,इधर (idhar),here
473,संसार (sansār),world
474,विरोध (virodh),Oppose
475,रखना (rakhnā),Keep
476,प्रशिक्षण (praśikṣaṇ),Training
477,संघ (saṅgh),Federation
478,बनी (banī),Made
479,पृथ्वी (pŕthvī),Earth
480,ऊर्जा (ūrjā),energy
481,हमने (hamne),We
482,वास्तविक (vāstavik),Real
483,सहयोग (sahyog),help
484,तेल (tel),Oil
485,अवधि (avdhi),period
486,सात (sāt),Seven
487,लगते (lagte),Looks
488,मार्ग (mārg),Way
489,बंद (band),off
490,प्रचलित (praclit),Prevailing
491,संघर्ष (saṅgharṣ),Conflict
492,दिशा (diśā),Direction
493,स्थित (sthit),Located
494,बैठा (baiṭhā),sat
495,वर्षों (varṣõ),Years
496,अधिकांश (adhikānś),majority of
497,शादी (śādī),wedding
498,वातावरण (vātāvraṇ),Climate
499,तुलना (tulnā),Compare
500,राजीव (rājīv),Rajeev
501,साधारण (sādhāraṇ),ordinary
502,सम्पूर्ण (sampūrṇ),total
503,राजस्थान (rājasthān),Rajasthan
504,सफल (saphal),successful
505,कितने (kitne),how many
506,वापस (vāpas),Back
507,मानसिक (mānsik),mental
508,परम्परा (paramparā),Tradition
509,बोले (bole),Speak
510,बीज (bīj),seed
511,खेल (khel),game
512,अंग (aṅg),Organ
513,बैठक (baiṭhak),meeting
514,जरूरत (jarūrat),Need
515,ग्रामीण (grāmīṇ),rural
516,इनकी (inkī),Her
517,कथा (kathā),Story
518,आयु (āyu),age
519,बातचीत (bātcīt),Conversation
520,प्रभावित (prabhāvit),Affected
521,निर्धारित (nirdhārit),Determined
522,निकाल (nikāl),Out
523,घटना (ghaṭnā),incident
524,कितनी (kitnī),How many
525,कवि (kavi),Poet
526,रक्त (rakt),blood
527,बालकों (bālkõ),Bears
528,किसान (kisān),Farmer
529,इच्छा (icchā),Desire
530,आयी (āyī),Came
531,बजे (baje),time
532,चेहरे (cehre),Facial
533,गुण (guṇ),virtue
534,आकार (ākār),shape
535,हृदय (hŕday),Heart
536,राज (rāj),rule
537,मार (mār),Kill
538,चुकी (cukī),Stomach
539,यात्रा (yātrā),Travel
540,नष्ट (naṣṭ),Destroy
541,खेती (khetī),Farming
542,सुबह (subah),Morning
543,नयी (nayī),New
544,जिन्हें (jinhẽ),Whom
545,आरम्भ (ārambh),Start
546,सुनकर (sunkar),Hearing
547,वायु (vāyu),Wind
548,नजर (najar),vision
549,थोड़ा (thoṛā),little
550,खाली (khālī),empty
551,ॐ (om),DO
552,खोज (khoj),Search
553,एकदम (ekdam),At once
554,व्यक्तियों (vyaktiyõ),Individuals
555,राजनीतिक (rājnītik),Political
556,आँखें (ā̃khẽ),eyes
557,संबंधित (sambandhit),related
558,तेज (tej),Quick
559,जरा (jarā),just
560,व्यक्तित्व (vyaktitva),Persona
561,बदल (badal),change
562,सवाल (savāl),question
563,उपभोक्ता (upbhoktā),Consumer
564,उपज (upaj),Yield
565,सुख (sukh),Happiness
566,मानते (mānte),Believe
567,मकान (makān),House
568,तेजी (tejī),Rise
569,जुलाई (julāī),july
570,प्रयत्न (prayatna),Effort
571,देवता (devtā),God
572,जानते (jānte),Know
573,कपड़े (kapṛe),clothes
574,संभव (sambhav),possible
575,सकता (saktā),Can
576,मदद (madad),help
577,वास्तव (vāstav),Reality
578,निकट (nikaṭ),Close
579,चलते (calte),Go
580,बाकी (bākī),Remainder
581,सोच (soc),Thinking
582,समस्त (samast),All
583,सदस्य (sadasya),Member
584,कठिन (kaṭhin),tough
585,अरे (are),Oho
586,राज्यों (rājyõ),States
587,नया (nayā),new
588,सीधे (sīdhe),Straight
589,फूल (phūl),flower
590,किस्म (kisma),Variety
591,अभाव (abhāv),Lack
592,जरूरी (jarūrī),Necessary
593,सेना (senā),army
594,श्रम (śram),Labour
595,विदेशी (videśī),foreigner
596,बाल (bāl),Hair
597,पुराने (purāne),Old
598,किंतु (kintu),But
599,विस्तार (vistār),Expansion
600,जाएगी (jāegī),Will go
601,छोटा (choṭā),small
602,वनस्पति (vanaspati),Vegetation
603,खर्च (kharc),Expense
604,पार (pār),Cross
605,अधिकारी (adhikārī),Officer
606,चलने (calne),Run
607,आशा (āśā),Hope
608,सुधार (sudhār),improvement
609,विशाल (viśāl),Huge
610,पूर्ति (pūrti),Fund
611,डाल (ḍāl),Branch
612,जानता (jāntā),knows
613,महसूस (mahsūs),Feel
614,बोल (bol),Lyrics
615,प्रतीत (pratīt),Seem to be
616,अध्यक्ष (adhyakṣ),President
617,सीखने (sīkhne),Learning
618,वर्ण (varṇ),Character
619,व्यापक (vyāpak),Comprehensive
620,भविष्य (bhaviṣya),Future
621,ध्वनि (dhvani),Sound
622,प्रयुक्त (prayukt),Used
623,प्रचार (pracār),Publicity
624,प्यार (pyār),Love
625,शिक्षण (śikṣaṇ),Education
626,शेष (śeṣ),remaining
627,मार्च (mārc),march
628,दुनिया (duniyā),World
629,ख्याल (khyāl),Care
630,प्रगति (pragti),progress
631,गैस (gais),Gas
632,लगातार (lagātār),Continuously
633,तौर (taur),As
634,उन्हीं (unhī̃),Her
635,सुरक्षित (surakṣit),Safe
636,सभा (sabhā),assembly
637,लौट (lauṭ),Back
638,लागत (lāgat),Cost
639,बनाये (banāye),Make
640,दर्द (dard),Pain
641,आखिर (ākhir),Finally
642,सोचा (socā),Think
643,दें (dẽ),Give
644,चीज (cīj),Thing
645,कल्पना (kalpanā),fancy
646,लक्ष्य (lakṣya),target
647,चाय (cāy),tea
648,खूब (khūb),Plenty
649,श्रीमती (śrīmtī),mrs
650,लाने (lāne),Get
651,मुक्त (mukt),Free
652,बुद्धि (buddhi),wisdom
653,पश्चिम (paścim),West
654,खेत (khet),farm
655,होनी (honī),Honey
656,चाहती (cāhtī),Want
657,उपयुक्त (upyukt),fit
658,अंत (ant),end
659,साधन (sādhan),means
660,संकेत (saṅket),clue
661,वस्तुओं (vastuõ),Object
662,मामले (māmle),Cases
663,बनाकर (banākar),By making
664,सहज (sahaj),Simple
665,सदा (sadā),Always
666,शारीरिक (śārīrik),Body
667,पकड़ (pakaṛ),grasp
668,उपाय (upāy),Measure
669,संस्थान (sansthān),Institute
670,सफलता (saphaltā),Success
671,बाबू (bābū),Baboo
672,तुम्हारी (tumhārī),Your
673,भूल (bhūl),Forgot
674,आत्मा (ātmā),soul
675,विचारों (vicārõ),Thoughts
676,रखी (rakhī),Laid
677,भूमिका (bhūmikā),Role
678,पैर (pair),Foot
679,करे (kare),Do
680,हाथों (hāthõ),Hand
681,भवन (bhavan),Build
682,नियम (niyam),Rule
683,दिल (dil),heart
684,तकनीकी (taknīkī),technology
685,जिसकी (jiskī),Whose
686,शिशु (śiśu),Infant
687,व्यय (vyay),Outlay
688,पेट (peṭ),Abdomen
689,नींद (nīnd),Sleep
690,नेताओं (netāõ),Leaders
691,अंदर (andar),Inside
692,लागू (lāgū),Applicable
693,बनने (banne),To become
694,त्वचा (tvacā),skin
695,गायन (gāyan),Singing
696,राजनीति (rājnīti),Politics
697,जमा (jamā),Deposit
698,सुविधा (suvidhā),Facility
699,बोर्ड (borḍ),Board
700,कानून (kānūn),law
701,शुरु (śuru),Start
702,लेखक (lekhak),Author
703,बावजूद (bāvjūd),Despite
704,क्रम (kram),sequence
705,लगने (lagne),Take
706,तुमने (tumne),You
707,हाल (hāl),Condition
708,सम्भव (sambhav),Possible
709,स्टेशन (sṭeśan),station
710,अगले (agle),Next
711,रास्ते (rāste),Way
712,मस्तिष्क (mastiṣk),Brain
713,गर्म (garm),warm
714,संबंधी (sambandhī),relative
715,यानी (yānī),i.e
716,पुरानी (purānī),Old
717,चित्रण (citraṇ),Illustration
718,अधिकारियों (adhikāriyõ),Officers
719,संस्कृत (sanskŕt),Sanskrit
720,सुन (sun),Listen
721,युवक (yuvak),young boy
722,पाठ (pāṭh),"Lesson, "
723,स्थानों (sthānõ),Places
724,वर्षा (varṣā),Rain
725,रखकर (rakhkar),Keeping
726,पशु (paśu),Animal
727,किसानों (kisānõ),Farmers
728,सत्ता (sattā),Power
729,प्राप्ति (prāpti),Receipt
730,दवा (davā),Medicine
731,खास (khās),Special
732,कमेटी (kameṭī),Committee
733,अंक (aṅk),numbers
734,हानि (hāni),Loss
735,सरल (saral),Easy
736,सिंचाई (siñcāī),Irrigation
737,शिकार (śikār),Hunt
738,वृक्ष (vŕkṣ),Tree
739,करेंगे (kareṅge),will do
740,औद्योगिक (audyogik),Industrial
741,आधारित (ādhārit),based
742,हत्या (hatyā),the killing
743,सहकारी (sahkārī),Cooperative
744,विवरण (vivraṇ),description
745,रोज (roj),Daily
746,मुझसे (mujhse),with me
747,आना (ānā),come
748,मौसम (mausam),Season
749,आँखों (ā̃khõ),Eyes
750,शुद्ध (śuddh),Pure
751,भेद (bhed),Distinction
752,विपरीत (viprīt),Adverse
753,लम्बी (lambī),Long
754,बनाना (banānā),make
755,दृष्टिकोण (dŕṣṭikoṇ),approach
756,गलत (galat),wrong
757,समर्थन (samarthan),Support
758,सम्मेलन (sammelan),the seminar
759,सचमुच (sacmuc),Really
760,बुद्ध (buddh),Buddha
761,बच्चा (baccā),baby
762,दीवार (dīvār),Wall
763,आंखों (ā̃khõ),Eyes
764,अध्याय (adhyāy),Chapter
765,अत्यधिक (atyadhik),excessive
766,सहित (sahit),Include
767,योग (yog),Total
768,मुख (mukh),Mouth
769,बिहार (bihār),A state in Eastern India
770,काव्य (kāvya),Poetry
771,सिद्धांत (siddhānt),Theory
772,सार्वजनिक (sārvajnik),Public
773,लघु (laghu),Small
774,बता (batā),Tell
775,परस्पर (paraspar),Mutually
776,तार (tār),wire
777,चूर्ण (cūrṇ),Powder
778,आयोजन (āyojan),Arrangement
779,सांस्कृतिक (sānskŕtik),Cultural
780,समझने (samajhne),Understand
781,वाद्य (vādya),Instrumental
782,प्रतीक (pratīk),symbol
783,तुम्हारा (tumhārā),your
784,छात्र (chātra),student
785,चुप (cup),quiet
786,अक्सर (aksar),often
787,जायेगी (jāyegī),Will go
788,रखे (rakhe),Keep
789,भार (bhār),load
790,फलों (phalõ),Fruits
791,जीवित (jīvit),alive
792,आजकल (ājkal),Nowadays
793,विस्तृत (vistŕt),comprehensive
794,गिर (gir),Fall
795,गुरू (gurū),Guru
796,खाद्य (khādya),Food
797,उतर (utar),Fountain
798,अमेरिका (amerikā),America
799,सुना (sunā),heard
800,स्थानीय (sthānīya),Local
801,विषयों (viṣyõ),Topics
802,घंटे (ghaṇṭe),hours
803,कराने (karāne),To
804,उतना (utnā),As
805,शताब्दी (śatābdī),Century
806,व्यवसाय (vyavsāy),occupation
807,मंदिर (mandir),temple
808,परिचय (paricay),introduction
809,गांवों (gāmvõ),Villages
810,बाँध (bāndh),dam
811,निश्चय (niścay),Decision
812,उपकरण (upakraṇ),Device
813,आतंकवादियों (ātaṅkvādiyõ),Terrorists
814,वैदिक (vaidik),Vedic
815,भागों (bhāgõ),Parts
816,अंश (anś),Part
817,सूत्र (sūtra),Formula
818,विविध (vividh),Various
819,बारह (bārah),Twelve
820,फलस्वरूप (phalasvarūp),Consequently
821,काट (kāṭ),cutting
822,अधिकतर (adhiktar),mostly
823,स्वाभाविक (svābhāvik),Natural
824,वाक्य (vākya),Sentence
825,बैठी (baiṭhī),Sitting
826,परिस्थितियों (paristhitiyõ),Circumstances
827,सूर्य (sūrya),Sun
828,शत्रु (śatru),enemy
829,पत्तियों (pattiyõ),Leaves
830,नियोजन (niyojan),Planning
831,ग्रन्थ (granth),Teeth
832,कही (kahī),Yeh
833,उम्र (umra),Age
834,अग्नि (agni),Fire
835,सिख (sikh),Sikh
836,बाप (bāp),father
837,पाकिस्तान (pākistān),Pakistan
838,पश्चात् (paścāt),Post
839,चिन्ता (cintā),Worry
840,आयोजित (āyojit),Held
841,यहीं (yahī̃),Here
842,वाद्यों (vādyõ),Instrumental
843,मुसलमान (musalmān),Muslim
844,भेज (bhej),Sending
845,बैंक (baiṅk),Bank
846,नारी (nārī),Woman
847,अंतिम (antim),The last
848,समुद्र (samudra),sea
849,संग्रह (saṅgrah),Collection
850,लेती (letī),Tear
851,दृश्य (dŕśya),sight
852,खाद (khād),Fertilizer
853,आलोचना (ālocnā),Criticism
854,हैक्टर (haikṭar),Hector
855,विरोधी (virodhī),hostile
856,पश्चिमी (paścimī),Western
857,धान (dhān),Rice
858,डाक (ḍāk),Post
859,कदम (kadam),step
860,आकाश (ākāś),sky
861,स्थायी (sthāyī),Permanent
862,वितरण (vitraṇ),Delivery
863,वंश (vanś),Linage
864,रोक (rok),Stoppage
865,प्रेरणा (prerṇā),Inspiration
866,चीनी (cīnī),Sugar
867,औरत (aurat),women
868,अप्रैल (aprail),april
869,अनिवार्य (anivārya),Mandatory
870,सकें (sakẽ),Can
871,महिला (mahilā),Woman
872,पहचान (pahcān),identity
873,क्रमशः (kramśaḥ),Respectively
874,सैनिक (sainik),Soldier
875,वजह (vajah),Reason
876,लकड़ी (lakṛī),wood
877,रुपये (rupye),Rupees
878,बढ़ा (baṛhā),Rise
879,पीठ (pīṭh),the back
880,पाई (pāī),Pie
881,डाक्टर (ḍākṭar),Doctor
882,सम्पर्क (sampark),Contact
883,वीं (vī̃),Tha
884,माननीय (mānnīya),Honorable
885,मूल्यांकन (mūlyāṅkan),Evaluation
886,गाय (gāy),Cow
887,क्षण (kṣaṇ),Moment
888,हालत (hālat),condition
889,संदर्भ (sandarbh),reference
890,बीस (bīs),Twenty
891,दोष (doṣ),Shortcoming
892,जीव (jīv),Life
893,चित्रित (citrit),Painted
894,खान (khān),Mine
895,खुशी (khuśī),pleasure
896,रोजगार (rojgār),employment
897,रिपोर्ट (riporṭ),Report
898,मंत्रालय (mantrālay),Ministry
899,प्राथमिक (prāthmik),primary
900,प्रदर्शित (pradarśit),Displayed
901,धारणा (dhārṇā),Presumption
902,ताल (tāl),rythm
903,जंगल (jaṅgal),forest
904,सका (sakā),could
905,यान (yān),Yan
906,उपक्रम (upakram),Activities
907,अंकित (aṅkit),Ankit
908,शिव (śiv),Shiv
909,त्याग (tyāg),Sacrifice
910,जिसने (jisne),Whosoever
911,गरम (garam),Hot
912,समाचार (samācār),news
913,शाखा (śākhā),branch
914,बुरी (burī),Bad
915,डाला (ḍālā),Put
916,जून (jūn),june
917,ज्ञात (gyāt),Known
918,गर्भ (garbh),Pregnancy
919,कर्मचारियों (karmacāriyõ),Employees
920,मामलों (māmlõ),Cases
921,बजाय (bajāy),rather than
922,तरीके (tarīke),Way
923,आदर्श (ādarś),Ideal
924,हिस्सा (hissā),stake
925,संरचना (sãracnā),structure
926,स्पर्श (sparś),Touch
927,जनवरी (janavrī),January
928,चित्रकला (citraklā),drawing
929,चरित्र (caritra),character
930,क्षेत्रीय (kṣetrīya),Regional
931,क्यू (kyū),Why
932,रखता (rakhtā),Keep
933,बिक्री (bikrī),Sale
934,पुस्तकों (pustakõ),Books
935,निर्मित (nirmit),made
936,जैन (jain),Jain
937,गले (gale),Throat
938,ग्रा (grā),Gram
939,खराब (kharāb),Bad
940,करो (karo),Do
941,कक्षा (kakṣā),class
942,आश्चर्य (āścarya),Wonder
943,रास्ता (rāstā),way
944,युक्त (yukt),Containing
945,बनाए (banāe),Make
946,बेटा (beṭā),Son
947,बेटे (beṭe),Son
948,प्रबन्ध (prabandh),Management
949,निम्नलिखित (nimnalikhit),Following
950,चेहरा (cehrā),Face
951,अर्जुन (arjun),Arjun
952,सम्मान (sammān),regards
953,यथार्थ (yathārth),True
954,बहू (bahū),Daughter in law
955,ध्वनियों (dhvaniyõ),Sounds
956,जिन्होंने (jinhonne),Who
957,छाया (chāyā),Shadow
958,खबर (khabar),News
959,संकट (saṅkaṭ),Problem
960,बेटी (beṭī),Daughter
961,पशुओं (paśuõ),Cattle
962,अति (ati),Extreme
963,समझता (samajhtā),Instead
964,रोकने (rokne),Stop
965,भक्ति (bhakti),Devotion
966,दशा (daśā),Dash
967,चलती (caltī),Moving
968,घास (ghās),grass
969,कथन (kathan),statement
970,सामान (sāmān),stuff
971,मजदूरी (majdūrī),Labour
972,भरी (bharī),Filled
973,बिलकुल (bilkul),Absolutely
974,दूसरों (dūsrõ),Others
975,गरीब (garīb),Poor
976,अस्तित्व (astitva),exist
977,अकेले (akele),Lonely
978,सौन्दर्य (saundarya),Beauty
979,साहसी (sāhsī),Daring
980,समझते (samajhte),Understand
981,विद्युत (vidyut),Electricity
982,लिखी (likhī),Written
983,नाटक (nāṭak),drama
984,धूप (dhūp),Sunlight
985,दरवाजे (darvāje),Doors
986,कमजोर (kamjor),Fragile
987,आदत (ādat),Habit
988,सम्प्रदाय (sampradāy),Sect
989,शोध (śodh),Search
990,वीर (vīr),Daring
991,रुपया (rupyā),Rupee
992,मौत (maut),death
993,भले (bhale),Well
994,प्रसन्न (prasanna),Happy
995,निजी (nijī),private
996,जातियों (jātiyõ),Races
997,गीतों (gītõ),Songs
998,कीट (kīṭ),Insect
999,उतनी (utnī),As
1000,अभ्यास (abhyās),Practice
1001,रंगों (raṅgõ),Colors
1002,मान्यता (mānyatā),assumption
1003,मजबूत (majbūt),Strong
1004,भीड़ (bhīṛ),Crowd
1005,नियमों (niymõ),Rules
1006,उठता (uṭhtā),Rise
1007,आनन्द (ānand),Joy
1008,विष (viṣ),Poison
1009,प्र (pra),Process
1010,तमाम (tamām),All
1011,चिन्ह (cinha),Sign
1012,स्थिर (sthir),Stable
1013,शराब (śarāb),Liquor
1014,वैज्ञानिकों (vaigyānikõ),Scientists
1015,पहुंचा (pahuñcā),reached up
1016,नियमित (niymit),Regular
1017,नवीन (navīn),New
1018,गहरी (gahrī),Deep
1019,ऊष्मा (ūṣmā),Heat
1020,उत्तम (uttam),Excellent
1021,शास्त्र (śāstra),ethology
1022,माह (māh),Month
1023,मालिक (mālik),master
1024,भला (bhalā),Good
1025,भरे (bhare),Filled
1026,बनाई (banāī),Maid
1027,गरीबी (garībī),poverty
1028,आन्दोलन (āndolan),Movement
1029,विद्या (vidyā),Knowledge
1030,पारिवारिक (pārivārik),Family
1031,तोड़ (toṛ),the break
1032,चीजें (cījẽ),Things
1033,कठोर (kaṭhor),Harsh
1034,अनुपात (anupāt),ratio
1035,हरियाणा (hariyāṇā),Haryana
1036,सम्पन्न (sampanna),Completed
1037,विधान (vidhān),Legislation
1038,राय (rāy),opinion
1039,तुरन्त (turant),Immediately
1040,आपस (āpas),Amuse
1041,अधीन (adhīn),Subordinate
1042,शिक्षक (śikṣak),teacher
1043,विजय (vijay),victory
1044,लेख (lekh),article
1045,महोदय (mahoday),Sir
1046,भी (bhī),as well
1047,फरवरी (pharavrī),February
1048,पित्त (pitt),Bile
1049,प्रत्यक्ष (pratyakṣ),direct
1050,तर्क (tark),Logic
1051,जेल (jel),prison
1052,चुपचाप (cupcāp),Silently
1053,करा (karā),Do
1054,अनुकूल (anukūl),Friendly
1055,विष्णु (viṣṇu),Vishnu
1056,यों (yõ),Yes
1057,भूख (bhūkh),hunger
1058,बांस (bāns),bamboo
1059,बनता (bantā),Becomes
1060,बनकर (bankar),be made
1061,बैठकर (baiṭhkar),Sitting
1062,पात्र (pātra),Pot
1063,पूर्वी (pūrvī),Eastern
1064,कठिनाई (kaṭhināī),Difficulty
1065,इत्यादि (ityādi),And so on
1066,सदस्यों (sadasyõ),Members
1067,मूत्र (mūtra),Urine
1068,भरा (bharā),full
1069,बुरा (burā),bad
1070,घोषणा (ghoṣṇā),announcement
1071,खोल (khol),Shell
1072,खुश (khuś),happy
1073,खेतों (khetõ),Fields
1074,कोश (koś),Thesaurus
1075,उपस्थित (upasthit),Present
1076,अभिव्यक्ति (abhivyakti),Expression
1077,श्रेष्ठ (śreṣṭh),Best
1078,नाग (nāg),snake
1079,नाक (nāk),Nose
1080,जाता (jātā),go
1081,छूट (chūṭ),Discount
1082,घरों (gharõ),Houses
1083,खून (khūn),Blood
1084,करेगा (karegā),Will
1085,उतार (utār),Over
1086,अपराध (aprādh),Crime
1087,अधिनियम (adhiniyam),Act
1088,साहस (sāhas),Bravery
1089,सर्वप्रथम (sarvapratham),the very first
1090,पढ़ाई (paṛhāī),Reading
1091,दिखायी (dikhāyī),Shot
1092,दुख (dukh),grief
1093,अगस्त (agast),august
1094,साथी (sāthī),mate
1095,सक्रिय (sakriy),active
1096,पढ़ने (paṛhne),Read
1097,पढ़ (paṛh),Read
1098,चालू (cālū),Working
1099,आधा (ādhā),half
1100,समितियों (samitiyõ),Committees
1101,सूची (sūcī),List
1102,विवेचन (vivecan),Disconnection
1103,मनोविज्ञान (manovigyān),Psychology
1104,पहुंचे (pahuñce),Arrive
1105,पुस्तकें (pustakẽ),Books
1106,किशोरी (kiśorī),teenager
1107,इस्पात (ispāt),steel
1108,सामना (sāmnā),Face
1109,व्याख्या (vyākhyā),Explanation
1110,फुट (phuṭ),Foot
1111,दिमाग (dimāg),mind
1112,कर्मचारी (karmacārī),Staff
1113,असर (asar),Impact
1114,अफसर (aphsar),Officer
1115,सतह (satah),surface
1116,विचित्र (vicitra),strange
1117,बैल (bail),Bull
1118,तहत (tahat),Under
1119,केन्द्रों (kendrõ),Centers
1120,अम्ल (amla),Acid
1121,संरक्षण (sãrakṣaṇ),Protection
1122,सुनने (sunne),Listen
1123,वाणी (vāṇī),Voice
1124,लोहे (lohe),Iron
1125,यंत्र (yantra),Machine
1126,भाषाविज्ञान (bhāṣāvigyān),language science
1127,बोलने (bolne),Speech
1128,बोध (bodh),Sense
1129,प्रकाशन (prakāśan),Publication
1130,दादा (dādā),Grandpa
1131,टूट (ṭūṭ),break
1132,चरक (carak),Charak
1133,खाते (khāte),Account
1134,कान (kān),ear
1135,उद्योगों (udyogõ),Industries
1136,आक्रमण (ākramaṇ),Aggression
1137,अंग्रेजों (aṅgrejõ),British
1138,संभावना (sambhāvnā),Possibility
1139,यथा (yathā),As
1140,भेजा (bhejā),Sent
1141,बनाते (banāte),To make
1142,नरेश (nareś),Naresh
1143,दो (do),Two
1144,चोरी (corī),Theft
1145,चित्रकार (citrakār),Painter
1146,कहे (kahe),saying
1147,स्वतन्त्र (svatantra),Independent
1148,सूरज (sūraj),sun
1149,सूक्ष्म (sūkṣma),Micro
1150,विशेषता (viśeṣtā),Speciality
1151,लिख (likh),Writing
1152,मास (mās),Mass
1153,पंचायत (pañcāyat),jury
1154,चरण (caraṇ),phase
1155,गली (galī),Street
1156,खुले (khule),Open
1157,कुर्सी (kursī),chair
1158,सन्दर्भ (sandarbh),Reference
1159,स्त्रोत (strot),Source
1160,वर्गीकरण (vargīkraṇ),Classification
1161,महाभारत (mahābhārat),Mahabharata
1162,फैल (phail),Spread
1163,पेश (peś),Present
1164,प्रौद्योगिकी (praudyogikī),Technology
1165,पुराण (purāṇ),Puran
1166,निर्धारण (nirdhāraṇ),Determination
1167,चीन (cīn),China
1168,शिकायत (śikāyat),Complaint
1169,विद्यालय (vidyālay),School
1170,वस्तुतः (vastutaḥ),Virtually
1171,लाया (lāyā),brought
1172,बहन (bahan),sister
1173,पक्षी (pakṣī),Bird
1174,निर्यात (niryāt),Export
1175,ना (nā),No
1176,जाये (jāye),Go
1177,ज्यों (jyõ),Lyth
1178,चक्कर (cakkar),Dizziness
1179,गोली (golī),Gun Shot
1180,कल्याण (kalyāṇ),welfare
1181,क्रोध (krodh),Anger
1182,कराया (karāyā),Accounted
1183,इंका (iṅkā),Inca
1184,सीधा (sīdhā),Straight
1185,संचार (sañcār),Communications
1186,विरुद्ध (viruddh),Opposite
1187,विद्वानों (vidvānõ),Scholars
1188,लम्बे (lambe),Long
1189,भुगतान (bhugtān),Payment
1190,तुझे (tujhe),You
1191,चयन (cayan),Selection
1192,घोड़े (ghoṛe),Horses
1193,उच्चारण (uccāraṇ),pronunciation
1194,सोने (sone),Gold
1195,मौका (maukā),Opportunity
1196,मोटे (moṭe),fatty
1197,भाषण (bhāṣaṇ),lecture
1198,निकला (niklā),Out
1199,देवताओं (devtāõ),Gods
1200,उत्पत्ति (utpatti),Produce
1201,शहरी (śahrī),urban
1202,शक्ति (śakti),Power
1203,राष्ट्रपति (rāṣṭrapti),President
1204,महाराज (mahārāj),King
1205,मन्दिर (mandir),Temple
1206,इन्द्र (indra),Indra
1207,अपेक्षित (apekṣit),Expected
1208,अंतर्गत (antargat),Under
1209,अजीब (ajīb),Weird
1210,संस्कार (sanskār),Secrament
1211,समाधान (samādhān),Solution
1212,शूल (śūl),Shoulder
1213,लिखे (likhe),Written
1214,रहेगा (rahegā),Will be
1215,रमेश (rameś),Ramesh
1216,जड़ (jaṛ),Root
1217,अधिगम (adhigam),Learning
1218,सर्वाधिक (sarvādhik),Most
1219,मानता (māntā),agrees
1220,मन्त्री (mantrī),Minister
1221,बाढ़ (bāṛh),flood
1222,बजट (bajaṭ),Budget
1223,नुकसान (nuksān),Harm
1224,थोड़े (thoṛe),Little
1225,जाल (jāl),net
1226,जानने (jānne),Knowing
1227,कम्पनी (kampanī),Company
1228,कक्ष (kakṣ),Chamber
1229,उपकरणों (upkarṇõ),Devices
1230,उत्पन्न (utpanna),Yield
1231,उठकर (uṭhkar),Rise
1232,इसको (isko),It
1233,साम्राज्य (sāmrājya),Empire
1234,संशोधन (sanśodhan),Amendment
1235,राजाओं (rājāõ),Kings
1236,पसन्द (pasand),Likes
1237,छात्रों (chātrõ),Students
1238,गहरा (gahrā),deep
1239,किलोग्राम (kilogrām),Kilogram
1240,कालेज (kālej),College
1241,उल्लेखनीय (ullekhnīya),Remarkable
1242,उपलब्धि (uplabdhi),achievement
1243,उत्साह (utsāh),enthusiasm
1244,मजदूर (majdūr),Labour
1245,प्रार्थना (prārthanā),Prayer
1246,छिड़काव (chiṛkāv),Spraying
1247,समुदाय (samudāy),Community
1248,शोथ (śoth),Shoth
1249,लोरिक (lorik),Lorik
1250,बौद्ध (bauddh),Buddhist
1251,बाग (bāg),Garden
1252,बचा (bacā),Saving
1253,पहाड़ी (pahāṛī),Hill
1254,प्रोत्साहन (protsāhan),incentive
1255,प्रबल (prabal),Predominant
1256,पदार्थों (padārthõ),Substances
1257,पूंजी (pūñjī),Finance
1258,जगत (jagat),the universe
1259,घोल (ghol),Slurry
1260,एकता (ektā),Unity
1261,सोचने (socne),Thinking
1262,सामान्यतः (sāmānyataḥ),Generally
1263,स्वतंत्रता (svatantratā),Freedom
1264,वित्तीय (vittīya),financial
1265,मानकर (mānkar),Assume
1266,भौतिक (bhautik),physical
1267,पाठ्यक्रम (pāṭhyakram),Syllabus
1268,परिणामस्वरूप (pariṇāmasvarūp),the resulting
1269,पर्वत (parvat),mountain
1270,तलाश (talāś),search
1271,गोद (god),Lap
1272,गांधीजी (gāndhījī),Gandhiji
1273,का (kā),Of
1274,अन्तर्राष्ट्रीय (antarrāṣṭrīya),International
1275,सहन (sahan),tolerate
1276,शेर (śer),lion
1277,वैसा (vaisā),Was
1278,वस्त्र (vastra),Clothes
1279,लक्ष्मी (lakṣmī),Laxmi
1280,रूक (rūk),Ruck
1281,मुक्ति (mukti),Freedom
1282,प्रोटीन (proṭīn),Protein
1283,चलकर (calkar),Run
1284,गंभीर (gambhīr),Serious
1285,आधी (ādhī),Half
1286,अंकन (aṅkan),Marking
1287,हिंदी (hindī),Hindi
1288,शान्त (śānt),Calm
1289,शांति (śānti),Peace
1290,वर्गों (vargõ),Sections
1291,वृक्षों (vŕkṣõ),Trees
1292,रोगों (rogõ),Diseases
1293,बम्बई (bambaī),Bombay
1294,प्रथा (prathā),Practice
1295,चीजों (cījõ),Things
1296,अतएव (ataev),Hence
1297,सकती (saktī),Can
1298,महिलाओं (mahilāõ),Women
1299,बाह्य (bāhya),External
1300,प्रेरित (prerit),Inspired
1301,निहित (nihit),Implied
1302,दिखाया (dikhāyā),Shown
1303,डालने (ḍālne),Insert
1304,डेढ़ (ḍeṛh),One and a half
1305,गैर (gair),Non
1306,सम्पत्ति (sampatti),Property
1307,श्रद्धा (śraddhā),Admiration
1308,वार्ता (vārtā),Negotiation
1309,लड़कों (laṛkõ),Boys
1310,मानने (mānne),Obedience
1311,मुझ (mujh),Me
1312,नमक (namak),Salt
1313,छवि (chavi),image
1314,चाचा (cācā),uncle
1315,चलो (calo),Let's go
1316,करेगा (karegā),Will
1317,हिमाचल (himācal),Himachal
1318,स्मिता (smitā),Smita
1319,स्थल (sthal),Venue
1320,रखती (rakhtī),Holds
1321,रकम (rakam),Amount
1322,पहुंचने (pahuñcne),To reach
1323,नाना (nānā),Grandfather
1324,दरवाजा (darvājā),Door
1325,दुकान (dukān),shop
1326,ठोस (ṭhos),Solid
1327,जेब (jeb),Pocket
1328,चिन्तन (cintan),Thinking
1329,गर्मी (garmī),Heat
1330,खरीद (kharīd),Purchase
1331,क्रांति (krānti),revolution
1332,ऋतु (ŕtu),Season
1333,सुनाई (sunāī),Narrated
1334,विद्यालयों (vidyālyõ),Schools
1335,लिखने (likhne),Writing
1336,लखनऊ (lakhnaū),Lucknow
1337,राग (rāg),Raga
1338,बरस (baras),Rain
1339,ब्रज (braj),Braj
1340,पश्चात (paścāt),Post
1341,डाली (ḍālī),branch
1342,गृह (gŕh),home
1343,अकाली (akālī),Akali
1344,सावधानी (sāvdhānī),Caution
1345,सेवन (sevan),Intake
1346,स्वतन्त्रता (svatantratā),Independence
1347,शून्य (śūnya),Zero
1348,विद्यार्थियों (vidyārthiyõ),students
1349,मोटी (moṭī),fat
1350,भ्रष्टाचार (bhraṣṭācār),Corruption
1351,देह (deh),Body
1352,तेरे (tere),Your
1353,कार्रवाई (kārravāī),Action
1354,कार्यवाही (kāryavāhī),Proceeding
1355,इस्लाम (islām),Islam
1356,आश्रम (āśram),Hermitage
1357,आकर्षण (ākarṣaṇ),Attraction
1358,हिस्से (hisse),Part
1359,सम्राट (samrāṭ),King
1360,परेशान (pareśān),Worried
1361,परम्परागत (paramparāgat),Traditional
1362,दिसम्बर (disambar),December
1363,जनसंख्या (jansaṅkhyā),Population
1364,घोषित (ghoṣit),Declared
1365,ऋषि (ŕṣi),Sage
1366,अखबार (akhbār),Newspaper
1367,रूपों (rūpõ),Forms
1368,भस्म (bhasma),Consumption
1369,बगल (bagal),Next
1370,परिस्थिति (paristhiti),Situation
1371,निगम (nigam),Corporation
1372,नारायण (nārāyaṇ),Narayan
1373,तुरंत (turant),Immediately
1374,ढोला (ḍholā),Dhola
1375,डालकर (ḍālkar),Put
1376,चावल (cāval),Rice
1377,गणेश (gaṇeś),Ganesha
1378,कार्यक्रमों (kāryakramõ),Programs
1379,उठी (uṭhī),Rose
1380,ईश्वर (īśvar),god
1381,आतंकवादी (ātaṅkvādī),Terrorist
1382,आँख (ā̃kh),eye
1383,अदालत (adālat),court
1384,होटल (hoṭal),hotel
1385,हार (hār),Garland
1386,हजारों (hajārõ),Thousands
1387,संदेह (sandeh),doubt
1388,संक्षिप्त (saṅkṣipt),brief
1389,विद्वान (vidvān),Scholar
1390,व्रत (vrat),Fast
1391,महत्व (mahatva),Importance
1392,भयंकर (bhayaṅkar),Terrifying
1393,बेहतर (behtar),Better
1394,ब्रिटिश (briṭiś),British
1395,प्रिय (priy),dear
1396,नियुक्त (niyukt),Appointed
1397,गम्भीर (gambhīr),Serious
1398,उक्त (ukt),That
1399,अमल (amal),Execution
1400,हवाई (havāī),airy
1401,हरे (hare),Green
1402,स्वर्णमंदिर (svarṇamandir),Golden Temple
1403,ली (lī),Took
1404,मामला (māmlā),Case
1405,मछली (machlī),fish
1406,बचपन (bacpan),Childhood
1407,बैंकों (baiṅkõ),Banks
1408,पान (pān),Page
1409,प्राण (prāṇ),Life
1410,प्रतिक्रिया (pratikriyā),Reaction
1411,जीवाणु (jīvāṇu),Bacteria
1412,छाती (chātī),chest
1413,गढ़वाल (gaṛhvāl),Garhwal
1414,खुला (khulā),open
1415,कार (kār),car
1416,क्रियाओं (kriyāõ),Actions
1417,अम्मा (ammā),Mother
1418,अंगों (aṅgõ),Bodies
1419,सन्देह (sandeh),Doubt
1420,विवाद (vivād),dispute
1421,लड़कियों (laṛkiyõ),Girls
1422,बाहरी (bāhrī),external
1423,बारी (bārī),Turn
1424,प्लेग (pleg),plague
1425,पुरुष (puruṣ),Male
1426,दोपहर (dophar),Afternoon
1427,तमिल (tamil),Tamil
1428,चौधरी (caudhrī),Chieftain
1429,आचरण (ācraṇ),conduct
1430,अनाज (anāj),Cereal
1431,ही (hī),Only
1432,सिरे (sire),Tip
1433,साढ़े (sāṛhe),Late
1434,संयोग (sãyog),Chance
1435,विमर्श (vimarś),Discussion
1436,विधियों (vidhiyõ),Methods
1437,व्यावहारिक (vyāvhārik),practical
1438,वचन (vacan),promise
1439,रात्रि (rātri),Dinner
1440,भावों (bhāvõ),Expressions
1441,भेंट (bheṇṭ),Gift
1442,बुआई (buāī),Sowing
1443,पैरों (pairõ),Feet
1444,पुराना (purānā),old
1445,प्रतीक्षा (pratīkṣā),Wait
1446,पत्रों (patrõ),Letters
1447,पड़ेगा (paṛegā),Will be
1448,जाओ (jāo),Go
1449,किस्मों (kismõ),Varieties
1450,किन (kin),Why
1451,उठे (uṭhe),Rose
1452,आचार्य (ācārya),Teacher
1453,आई (āī),I
1454,अफ्रीका (aphrīkā),Africa
1455,अतीत (atīt),Past
1456,हल्के (halke),Lightweight
1457,सागर (sāgar),sea
1458,शाह (śāh),Shah
1459,शान्ति (śānti),Peace
1460,विदेश (videś),abroad
1461,वजन (vajan),Weight
1462,लाखों (lākhõ),Millions
1463,प्रारंभ (prārambh),Start
1464,प्राणियों (prāṇiyõ),Creatures
1465,निर्देश (nirdeś),Instruction
1466,दावा (dāvā),Claim
1467,दे (de),Give
1468,चाहा (cāhā),Wanted
1469,उदास (udās),Downhearted
1470,उत्तरी (uttarī),Northern
1471,असली (aslī),the original
1472,हिम्मत (himmat),Courage
1473,हरी (harī),Green
1474,स्नेह (sneh),love
1475,शासक (śāsak),ruler
1476,बदले (badle),Change
1477,बचाने (bacāne),Save
1478,प्रतिनिधि (pratinidhi),agent
1479,दरअसल (daraasal),Actually
1480,देखभाल (dekhbhāl),Care
1481,तने (tane),Stem
1482,जानती (jāntī),Knows
1483,केंद्र (kendra),hub
1484,औषधि (auṣdhi),Drug
1485,उत्सव (utsav),Celebration
1486,इनसे (inse),from these
1487,साथियों (sāthiyõ),Companions
1488,संसाधन (sansādhan),Resources
1489,सदन (sadan),House
1490,सूखे (sūkhe),Drought
1491,संकल्प (saṅkalp),oath
1492,शक्तिशाली (śaktiśālī),Powerful
1493,व्यर्थ (vyarth),Pointless
1494,मिश्रण (miśraṇ),Mix
1495,बोरोन (boron),Boron
1496,निकालने (nikālne),Extract
1497,घूम (ghūm),Roam
1498,गुस्सा (gussā),anger
1499,क्षति (kṣati),Damage
1500,उठती (uṭhtī),Rise
1501,अरब (arab),Arab
1502,अत्यंत (atyant),Extremely
1503,अक्षर (akṣar),Letter
1504,संस्थानों (sansthānõ),Institutions
1505,सुपर (supar),Super
1506,संगठनों (saṅgaṭhnõ),Organizations
1507,विशेषकर (viśeṣkar),Especially
1508,वेद (ved),Veda
1509,महाराजा (mahārājā),King
1510,भरत (bharat),Bharat
1511,बोझ (bojh),Burden
1512,बादल (bādal),Cloud
1513,बयान (bayān),Statement
1514,पत्तियां (pattiyā̃),Leaves
1515,चढ़ (caṛh),Climb
1516,उम्मीद (ummīd),Hope
1517,उपेक्षा (upekṣā),Ignore
1518,सिद्धान्तों (siddhāntõ),Principles
1519,स्व (sva),Self
1520,सुनते (sunte),Listen
1521,सकते (sakte),Can
1522,रबड़ (rabaṛ),rubber
1523,मेल (mel),Match
1524,मेकअप (mekaap),Makeup
1525,भूत (bhūt),ghost
1526,बनते (bante),Becomed
1527,प्रशंसा (praśansā),Appreciation
1528,प्रतिदिन (pratidin),daily
1529,पूछ (pūch),Ask
1530,दबाव (dabāv),Pressure
1531,दण्ड (daṇḍ),Punishment
1532,टुकड़े (ṭukṛe),pieces
1533,गहराई (gahrāī),depth
1534,खींच (khīñc),Drag
1535,उर्वरक (urvarak),Fertilizer
1536,हिंसा (hinsā),violence
1537,साधना (sādhnā),meditation
1538,सेवाओं (sevāõ),Services
1539,सर्वथा (sarvathā),Surely
1540,लेखन (lekhan),Writing
1541,परेशानी (pareśānī),Trouble
1542,प्रताप (pratāp),Pratap
1543,पेड़ों (peṛõ),Trees
1544,चेष्टा (ceṣṭā),effort
1545,व्याकरण (vyākraṇ),Grammer
1546,लाइसेंस (lāisens),License
1547,ललित (lalit),Lalit
1548,रूस (rūs),Russia
1549,मील (mīl),Mile
1550,बर्फ (barph),ice
1551,पाप (pāp),Sin
1552,पुत्री (putrī),Daughter
1553,दफ्तर (daphtar),Workplace
1554,जानवर (jānvar),Animal
1555,गाने (gāne),Songs
1556,कार्यकर्ता (kāryakartā),Worker
1557,कलाकारों (kalākārõ),Artists
1558,करता (kartā),Does
1559,उत्पाद (utpād),Product
1560,आएँ (āẽ),Come on
1561,सोचते (socte),Thinking
1562,सीख (sīkh),Learn
1563,सास (sās),Mother in law
1564,वीणा (vīṇā),Veena
1565,यूरेनियम (yūreniyam),Uranium
1566,मौलिक (maulik),original
1567,मारने (mārne),Kill
1568,मुहम्मद (muhammad),Muhammad
1569,बिल (bil),bill
1570,बचत (bacat),Savings
1571,प्रावधान (prāvdhān),Provision
1572,पचास (pacās),fifty
1573,नागरिक (nāgrik),Citizen
1574,नेहरू (nehrū),Nehru
1575,देन (den),Donation
1576,गिरने (girne),Fall
1577,गहरे (gahre),Deep
1578,उपन्यास (upanyās),novel
1579,इलाके (ilāke),the areas
1580,आन्तरिक (āntarik),Inwards
1581,हिन्दुस्तान (hindustān),Hindustan
1582,संसद (sansad),Parliament
1583,स्वीकृति (svīkŕti),Acceptance
1584,संपर्क (sampark),Contact
1585,विभाजन (vibhājan),the division
1586,लौटने (lauṭne),Return
1587,यूरोप (yūrop),Europe
1588,मंच (mañc),Forum
1589,भाग्य (bhāgya),Luck
1590,बेहद (behad),Very
1591,बुलाया (bulāyā),Called
1592,पाए (pāe),Have found
1593,प्रयोगशाला (prayogśālā),the laboratory
1594,प्रमाणित (pramāṇit),Certified
1595,प्रभावशाली (prabhāvśālī),Influential
1596,जीत (jīt),Victory
1597,जानवरों (jānavrõ),Animals
1598,गुस्से (gusse),Angry
1599,गर्दन (gardan),Neck
1600,गुरू (gurū),Guru
1601,अधिकतम (adhiktam),Maximum
1602,सृष्टि (sŕṣṭi),Nature
1603,शिक्षित (śikṣit),Educated
1604,शहद (śahad),Honey
1605,वरन (varan),Varn
1606,रोम (rom),Rome
1607,बदन (badan),body
1608,फैला (phailā),Spread
1609,फेंक (pheṅk),Throw
1610,पिछड़े (pichṛe),Backward
1611,परिश्रम (pariśram),Hard work
1612,परिवारों (parivārõ),Families
1613,परिभाषा (paribhāṣā),Definition
1614,प्रारम्भिक (prārambhik),Initial
1615,पुरुषों (puruṣõ),Men
1616,निरीक्षण (nirīkṣaṇ),Supervision
1617,दास (dās),Slave
1618,देव (dev),God
1619,ताकत (tākat),might
1620,तंत्र (tantra),Mechanism
1621,तत्कालीन (tatkālīn),contemporaneous
1622,तकनीक (taknīk),Technique
1623,चलाने (calāne),Run
1624,गठन (gaṭhan),Build
1625,अनुभूति (anubhūti),Feeling
1626,हिन्दुओं (hinduõ),Hindus
1627,हिंदू (hindū),Hindu
1628,हालांकि (hālāṅki),Although
1629,सामूहिक (sāmūhik),the collective
1630,सरकारों (sarkārõ),Governments
1631,संयंत्र (sãyantra),plant
1632,सुंदर (sundar),Beautiful!
1633,सृजन (sŕjan),Creation
1634,वैसी (vaisī),Wess
1635,लावनी (lāvnī),Lavi
1636,लक्षणों (lakṣaṇõ),Symptoms
1637,राहुलजी (rāhuljī),Rahul ji
1638,युवा (yuvā),young
1639,मूर्ति (mūrti),statue
1640,बेर (ber),Berry
1641,पाण्डु (pāṇḍu),Pandu
1642,ध्रुपद (dhrupad),Dhrupad
1643,तथ्यों (tathyõ),Facts
1644,ढेर (ḍher),A lot
1645,जायें (jāyẽ),Go
1646,ग्रन्थों (granthõ),Granes
1647,गणित (gaṇit),mathematics
1648,कहानियों (kahāniyõ),Stories
1649,अशोक (aśok),Ashok
1650,साबित (sābit),Prove
1651,समझना (samajhnā),understand
1652,संज्ञा (sañgyā),Noun
1653,शांत (śānt),quiet
1654,श्रीलंका (śrīlaṅkā),Sri Lanka
1655,श्रमिक (śramik),Labor
1656,शर्त (śart),Condition
1657,लिपि (lipi),Script
1658,मानवीय (mānvīya),human
1659,पक्षियों (pakṣiyõ),Birds
1660,निवासी (nivāsī),Resident
1661,तुलनात्मक (tulnātmak),Comparative
1662,चमक (camak),Glow
1663,गोल (gol),round
1664,खाकर (khākar),after eating
1665,कोट (koṭ),Coat
1666,इंच (iñc),Inch
1667,आसन (āsan),Posture
1668,अकेला (akelā),Lonely
1669,शर्मा (śarmā),Sharma
1670,विश्वविद्यालय (viśvavidyālay),university
1671,विधायक (vidhāyak),MLA
1672,वर्मा (varmā),Verma
1673,वैद्य (vaidya),Vaidya
1674,राजस्थानी (rājasthānī),Rajasthani
1675,मानना (mānnā),Accept
1676,भरपूर (bharpūr),abundant
1677,भगत (bhagat),follower
1678,बस्ती (bastī),colony
1679,बैठने (baiṭhne),Seating
1680,प्रतिभा (pratibhā),Talent
1681,प्रजा (prajā),People
1682,प्रकोप (prakop),the outbreak
1683,नायक (nāyak),hero
1684,दोस्त (dost),friend
1685,तिवारी (tivārī),Tiwari
1686,घड़ी (ghaṛī),watch
1687,गलती (galtī),Mistake
1688,कार्बन (kārban),Carbon
1689,उपचार (upcār),the treatment
1690,ईसाई (īsāī),Christian
1691,आवेदन (āvedan),Application
1692,आयुर्वेद (āyurved),Ayurveda
1693,आदर (ādar),Respect
1694,अत्याचार (atyācār),Atrocity
1695,हिमालय (himālay),Himalaya
1696,हंस (hans),goose
1697,सोचता (soctā),Thought
1698,विश्वनाथ (viśvanāth),Vishwanath
1699,वेतन (vetan),Salary
1700,मथुरा (mathurā),Mathura
1701,भाभी (bhābhī),sister in law
1702,भेजे (bheje),Send
1703,ब्यूरो (byūro),Bureau
1704,बनती (bantī),Father
1705,पक्षों (pakṣõ),Sides
1706,घरेलू (gharelū),the household
1707,गणना (gaṇnā),Calculation
1708,कहलाता (kahlātā),Saying
1709,कलावती (kalāvtī),Kalawati
1710,करना (karnā),Doing
1711,उदाहरणार्थ (udāharṇārth),For example
1712,उड़ (uṛ),Fly
1713,आघात (āghāt),the strokes
1714,हमला (hamlā),Attack
1715,व्यावसायिक (vyāvsāyik),commercial
1716,लोकप्रिय (lokapriy),popular
1717,रेलवे (relve),railway
1718,मिश्रित (miśrit),miscellaneous
1719,महान (mahān),Great
1720,मेहनत (mehnat),Hard work
1721,बिन्दु (bindu),the dot
1722,फलतः (phaltaḥ),Fruitful
1723,प्रोफेसर (prophesar),Professor
1724,प्रचलन (praclan),the trend
1725,औसत (ausat),average
1726,एकाएक (ekāek),Suddenly
1727,उपस्थिति (upasthiti),Presence
1728,उन्नति (unnati),Development
1729,आधे (ādhe),Half
1730,अली (alī),Ali
1731,सरस्वती (sarasvatī),Saraswati
1732,समर्थ (samarth),Capable
1733,सम्भवतः (sambhavtaḥ),Probably
1734,सड़कों (saṛkõ),Streets
1735,विशेषज्ञ (viśeṣagya),specialist
1736,विद्रोह (vidroh),Rebellion
1737,वात (vāt),Air
1738,व्यस्त (vyast),busy
1739,लाकर (lākar),Brought
1740,राव (rāv),Rao
1741,योजनाओं (yojnāõ),Plans
1742,मंत्र (mantra),mantra
1743,बताने (batāne),tell
1744,बताते (batāte),Shift
1745,प्रश्नों (praśnõ),Questions
1746,पकड़ा (pakṛā),caught
1747,नोट (noṭ),Note
1748,निवेदन (nivedan),Request
1749,न्याय (nyāy),justice
1750,धूल (dhūl),dust
1751,दाने (dāne),Rash
1752,दान (dān),charity
1753,देवीगढ़ (devīgaṛh),Devigarh
1754,तरल (taral),liquid
1755,कोरियाई (koriyāī),Korean
1756,किलोमीटर (kilomīṭar),Kilometer
1757,किताब (kitāb),book
1758,क्षमा (kṣamā),Forgiveness
1759,इंजन (iñjan),engine
1760,आए (āe),Returns
1761,असफल (asphal),fail
1762,हल्की (halkī),Light
1763,सावित्री (sāvitrī),Savitri
1764,सरदार (sardār),Sardar
1765,सगर्भता (sagarbhatā),Pregnancy
1766,शुभ (śubh),Good
1767,लहर (lahar),Wave
1768,लेखा (lekhā),Account
1769,मासिक (māsik),Monthly
1770,मद्रास (madrās),Madras
1771,मंगल (maṅgal),Mars
1772,भली (bhalī),Good
1773,भेजने (bhejne),Send
1774,बिजलीघर (bijlīghar),Electricity house
1775,बनाता (banātā),Create
1776,पवित्र (pavitra),sacred
1777,परिषद (pariṣad),council
1778,परि (pari),Munishment
1779,पूछा (pūchā),Asked
1780,नौकर (naukar),Servant
1781,निकालकर (nikālkar),by removing
1782,नासिक्य (nāsikya),Nasikya
1783,तापमान (tāpmān),Temperature
1784,तरीका (tarīkā),Method
1785,झूठ (jhūṭh),lies
1786,जाती (jātī),Large
1787,छुट्टी (chuṭṭī),leave
1788,घाट (ghāṭ),Ghat
1789,गोबर (gobar),Cow dung
1790,कामों (kāmõ),Works
1791,कश्मीर (kaśmīr),Kashmir
1792,ऊंची (ūñcī),High
1793,उन्नत (unnat),Advanced
1794,आजाद (ājād),Azad
1795,आग्रह (āgrah),Insistence
1796,अमृतसर (amŕtsar),Amritsar
1797,अनु (anu),Compliance
1798,अद्भुत (adbhut),stunning
1799,अतः (ataḥ),Therefore
1800,सिखों (sikhõ),Sikhs
1801,साधु (sādhu),Saint
1802,संदेश (sandeś),message
1803,लिखित (likhit),theory
1804,लेप (lep),Lap
1805,मर्यादा (maryādā),Limit
1806,मेज (mej),Table
1807,मुख्यतः (mukhyataḥ),Mainly
1808,भाजपा (bhājpā),B J P
1809,बेकार (bekār),Waste
1810,पैदावार (paidāvār),yield
1811,नाश (nāś),Destruction
1812,दलों (dalõ),Parties
1813,जापान (jāpān),Japan
1814,गोपाल (gopāl),Gopal
1815,कोशिकाओं (kośikāõ),Cells
1816,काटने (kāṭne),Bite
1817,कूद (kūd),Jump
1818,उपदेश (updeś),Sermon
1819,उड़ान (uṛān),flight
1820,अंतरिक्ष (antrikṣ),space
1821,सहसा (sahsā),Suddenly
1822,व्यास (vyās),Diameter
1823,मित्रों (mitrõ),Friends
1824,भोग (bhog),Jog
1825,बुला (bulā),Call
1826,प्रातः (prātaḥ),During the morning
1827,पढ़ा (paṛhā),Read
1828,पढ़ते (paṛhte),Read
1829,घोड़ा (ghoṛā),Horse
1830,गुफा (guphā),Cave
1831,खुल (khul),Open
1832,खुराक (khurāk),diet
1833,उपायों (upāyõ),Measures
1834,उपयोगिता (upyogitā),utility
1835,इलाज (ilāj),treatment
1836,आवाज़ (āvāz),sound
1837,आलू (ālū),potato
1838,हटा (haṭā),Remove
1839,स्वस्तिक (svastik),Swastik
1840,समीक्षा (samīkṣā),Analysis
1841,संक्रमण (saṅkramaṇ),infection
1842,सैकड़ों (saikṛõ),Hundreds
1843,शोर (śor),noise
1844,शब्दावली (śabdāvlī),Glossary
1845,यौगिक (yaugik),compound
1846,मना (manā),deny
1847,मंडल (maṇḍal),Board
1848,बचने (bacne),Avoid
1849,प्रेमनाथ (premnāth),Premnath
1850,परम (param),Supreme
1851,निधि (nidhi),Fund
1852,नेताजी (netājī),Netaji
1853,चुनौती (cunautī),challenge
1854,गौतम (gautam),Gautam
1855,खिड़की (khiṛkī),Window
1856,किस्में (kismẽ),Varieties
1857,करते (karte),Do
1858,कटाई (kaṭāī),Harvesting
1859,असाधारण (asādhāraṇ),Extraordinary
1860,स्मरण (smaraṇ),Remembrance
1861,समग्र (samagra),Overall
1862,सुनी (sunī),Heard
1863,रेडियो (reḍiyo),radio
1864,मामूली (māmūlī),Minor
1865,बीमार (bīmār),sick
1866,फायदा (phāydā),profit
1867,पुराणों (purāṇõ),Puranas
1868,प्रस्तावों (prastāvõ),Proposals
1869,प्रधानता (pradhāntā),Pradhanata
1870,पन्द्रह (pandrah),Fifteen
1871,नाव (nāv),Name
1872,तुल्फ (tulph),Tulf
1873,तत्काल (tatkāl),Immediately
1874,जोड़ा (joṛā),couple
1875,चाल (cāl),Speed
1876,चूहे (cūhe),mice
1877,चलना (calnā),Walking
1878,गाया (gāyā),Sung
1879,गला (galā),Neck
1880,खैर (khair),So
1881,कोर्ट (korṭ),Court
1882,कराना (karānā),To do
1883,कंपनी (kampnī),company
1884,इसने (isne),It
1885,इनको (inko),Them
1886,अर्थव्यवस्था (arthavyavasthā),economy
1887,अंचल (añcal),Zone
1888,हल्का (halkā),mild
1889,सुनिश्चित (suniścit),Assured
1890,वरना (varnā),Otherwise
1891,बुनियादी (buniyādī),Basic
1892,दैनिक (dainik),Daily
1893,जुड़े (juṛe),Connected
1894,घुस (ghus),Gain
1895,खुली (khulī),open
1896,कुमार (kumār),Youth
1897,कुमाऊँ (kumāū̃),Kumaon
1898,आंगन (āṅgan),Courtyard